classifier_id,classifier_score_name,n_external_core_datasets,median_external_auc,min_external_auc,max_external_auc,n_auc_ge_0_60,n_auc_ge_0_65,median_pr_auc,median_pcr_prevalence,datasets,external_transferability_tier,rank_external_core
IFNG_18,IFN-gamma 18-gene mean z score,6,0.678376215864817,0.56658728704891,0.757591093117409,4,4,0.397318801916987,0.28975,GSE163882_GPL18573;GSE20271_GPL96;GSE32646_GPL570;GSE41998_GPL571;GSE50948_GPL570;GSE66305_GPL570,strong_candidate,1
PAM50,PAM50 non-luminal affinity score,6,0.669683133646607,0.594414086217365,0.755050505050505,5,3,0.398384489354726,0.28975,GSE163882_GPL18573;GSE20271_GPL96;GSE32646_GPL570;GSE41998_GPL571;GSE50948_GPL570;GSE66305_GPL570,strong_candidate,2
ONCOTYPE_DX_21,OncotypeDX approximate weighted expression score,6,0.657166984766085,0.573770491803279,0.72516835016835,5,3,0.414775820906378,0.28975,GSE163882_GPL18573;GSE20271_GPL96;GSE32646_GPL570;GSE41998_GPL571;GSE50948_GPL570;GSE66305_GPL570,strong_candidate,3
CYTOLYTIC_ACTIVITY_2,Cytolytic activity mean z score,6,0.633774127558876,0.564755449716065,0.671235034656585,4,2,0.395427347919794,0.28975,GSE163882_GPL18573;GSE20271_GPL96;GSE32646_GPL570;GSE41998_GPL571;GSE50948_GPL570;GSE66305_GPL570,moderate_candidate,4
MAMMAPRINT_70,MammaPrint approximate poor-prognosis score,4,0.632065320803738,0.524590163934426,0.727272727272727,2,2,0.410447847078328,0.32325,GSE163882_GPL18573;GSE32646_GPL570;GSE50948_GPL570;GSE66305_GPL570,moderate_candidate,5
GGI_128_PROBE,GGI grade-3 minus grade-1 expression score,6,0.628904366576613,0.561020036429873,0.72516835016835,4,2,0.387034759235671,0.28975,GSE163882_GPL18573;GSE20271_GPL96;GSE32646_GPL570;GSE41998_GPL571;GSE50948_GPL570;GSE66305_GPL570,moderate_candidate,6
ENDOPREDICT_11,EndoPredict approximate weighted expression score,6,0.628089209180249,0.549483910139648,0.728114478114478,4,1,0.346963939020028,0.28975,GSE163882_GPL18573;GSE20271_GPL96;GSE32646_GPL570;GSE41998_GPL571;GSE50948_GPL570;GSE66305_GPL570,moderate_candidate,7
GENE76,Wang 76-gene weighted risk score,6,0.564361138374296,0.515482695810565,0.612764084507042,1,0,0.350021350897505,0.28975,GSE163882_GPL18573;GSE20271_GPL96;GSE32646_GPL570;GSE41998_GPL571;GSE50948_GPL570;GSE66305_GPL570,weak_or_context_dependent,8
